,full_name
0,Melodie Stuart
1,Dominic Shannon
2,Quintessa Tillman
3,Dr. Christine Nicholson
4,Regina Clements
5,Colleen Harding
6,Kaitlin Cochran
7,Molly Norton
8,Richard Lott
9,Matthew Nguyen
10,Dr. Laith Decker
11,Holly Austin
12,Jaden Gray
13,Germaine Hurley
14,Kyle Gay
15,Zachery Diaz
16,Carolyn Hartman
17,Miss Alana Grant
18,Idola Acosta
19,Dara English
20,Miss Aurora Flores
21,Henry Sloan
22,Jared Chase
23,Xavier Castro
24,Holmes Fowler
25,Lucy Noel
26,Kerry Tucker
27,Garrison Barrett
28,Stephanie Cannon
29,Dr. Charlotte Savage
30,Lane Clements
31,Aimee Whitfield
32,Martena Neal
33,Xandra Hartman
34,Meredith Gutierrez
35,Mr. Kermit Deleon
36,Derek Terrell
37,Shaeleigh Mccarthy
38,Burke Leon
39,Mr. Clinton Holmes
40,Whoopi Tillman
41,Hamilton Gardner
42,Graiden Bridges
43,Sheila Robinson
44,Cameron Barlow
45,Kasimir Irwin
46,Ms. Lilah Chen
47,Judith Price
48,Dane Barker
49,Micah Bullock
50,Leonard Stevens
51,Ms. Beverly Hampton
52,Devin Morrison
53,Mr. Jordan Cooke
54,Miss Ann Hale
55,Graiden Riddle
56,Julian Stanley
57,Christine Carter
58,Hasad Valentine
59,Bevis Mcdowell
60,Alec Davis
61,Dr. Daniel Hood
62,Ms. Britanney Schmidt
63,Wanda Jackson
64,Quyn Henderson
65,Hammett Duncan
66,Duncan Stark
67,Jin Shannon
68,Fulton Meadows
69,Dr. Malik Hanson
70,Laith Espinoza
71,Dr. Jared Holman
72,Julie Davidson
73,Dr. Jane Harrell
74,Aphrodite Shannon
75,Jermaine Randall
76,Hammett Talley
77,Sasha Riggs
78,Dr. Damian Wynn
79,Aidan Macias
80,Sawyer Hines
81,Mr. Hector Caldwell
82,Abra Webb
83,Stone Price
84,Cheyenne Stout
85,Lareina Wall
86,Dr. Ella Pena
87,Quintessa Sherman
88,Ishmael Duffy
89,Ms. Willa Stuart
90,Gareth Hunt
91,Stewart Jacobs
92,Ms. Amaya Pate
93,Dr. Xavier Medina
94,Mr. Marvin Mcneil
95,Imogene Harris
96,Abbot Hensley
97,Miss Fiona Velez
98,Rinah Stephenson
99,Ms. Olivia Keith
100,Vielka Rosario
101,Lani Sawyer
102,Clayton Sparks
103,Oprah Ingram
104,Acton Smith
105,Demetria Byrd
106,Patience Galloway
107,Hoyt Alvarez
108,Dara Pennington
109,Ebony Davidson
110,Brent Rosario
111,Melyssa Mayer
112,Regan Kelly
113,Leah Barlow
114,Nathan Santos
115,Uta Mckee
116,Lawrence Gallegos
117,Matthew Edwards
118,Xander Wilson
119,Kelly Pittman
120,Brynne Pugh
121,Shea Collins
122,Hu Carver
123,Stacey Coleman
124,Kaye Mcgowan
125,Vivien Cobb
126,Vaughan Harrison
127,Porter Hudson
128,Carl Conway
129,Lyle Bradshaw
130,Hashim Walter
131,Branden Larson
132,Idola Ball
133,Camilla White
134,Rafael Lowery
135,Victor Leon
136,Yasir Lynch
137,Dr. Emerson Woodard
138,Dr. Astra Mcneil
139,Dr. Shafira Marks
140,Mr. Dominic Smith
141,Talon Holder
142,Ivor Wise
143,Carolyn Clay
144,Jerome Ruiz
145,Todd Chase
146,Gray Noel
147,Ann Sanchez
148,Mr. Alec Heath
149,Heidi Terry
150,Alana Velasquez
151,Mr. Jared York
152,Abbot Lester
153,Dr. Fulton Turner
154,Dr. Maggie Cortez
155,Ramona Wade
156,Dr. Lynn Thomas
157,Aquila Graham
158,Gareth Marks
159,Dolan Wolf
160,Julie Coffey
161,Emerson Hatfield
162,Claire Rios
163,Christian Doyle
164,Haley Oliver
165,Rigel Day
166,Clare Gould
167,Ms. Keiko Mcfarland
168,Duncan Chandler
169,Penelope Stark
170,Kasper Shields
171,Dr. Rose Fleming
172,Miss Petra Mitchell
173,Ms. Regan Lynch
174,Keane Bennett
175,Nash Head
176,Ainsley Riley
177,Kirestin Newton
178,Jakeem Hall
179,Reece Mitchell
180,Wanda Walls
181,Barry Mccray
182,Dr. Zahir Hardin
183,Graiden Cox
184,Miss Lara Green
185,Felix Bell
186,Mr. Addison Day
187,Tallulah Guzman
188,Jocelyn Guzman
189,Ivory Miller
190,Mr. Eaton Vazquez
191,Silas Clemons
192,Quinn Barry
193,Orson Pratt
194,Constance Morse
195,Ms. Vanna Rivera
196,Miss Venus Lowe
197,Amethyst Nieves
198,Miss Vivian Foreman
199,Miss Wendy Griffin
